customer_city,total_orders,late_orders,avg_delivery_days,avg_delivery_days_not_null,late_delivery_rate,level,product_category_name
sao paulo,14971,157,7.37,7.367042949702759,1.05,city,
rio de janeiro,6611,489,13.74,13.737104825291182,7.4,city,
belo horizonte,2671,44,10.36,10.362036690378135,1.65,city,
brasilia,2066,47,12.09,12.089545014520812,2.27,city,
curitiba,1462,26,9.8,9.803009575923392,1.78,city,
campinas,1397,26,9.11,9.111667859699356,1.86,city,
porto alegre,1326,110,15.01,15.013574660633484,8.3,city,
salvador,1208,129,18.06,18.05546357615894,10.68,city,
guarulhos,1151,5,7.28,7.2762814943527365,0.43,city,
sao bernardo do campo,908,10,7.47,7.47136563876652,1.1,city,
niteroi,810,58,13.6,13.603703703703705,7.16,city,
santo andre,769,5,7.22,7.219765929778934,0.65,city,
osasco,716,5,6.92,6.924581005586592,0.7,city,
santos,690,12,8.62,8.615942028985508,1.74,city,
goiania,671,31,14.32,14.321907600596125,4.62,city,
sao jose dos campos,664,5,7.73,7.730421686746988,0.75,city,
fortaleza,642,84,19.19,19.193146417445483,13.08,city,
sorocaba,609,2,7.05,7.0492610837438425,0.33,city,
recife,586,59,17.45,17.447098976109213,10.07,city,
jundiai,547,6,8.28,8.283363802559416,1.1,city,
florianopolis,545,19,14.29,14.289908256880734,3.49,city,
ribeirao preto,488,6,9.04,9.040983606557377,1.23,city,
belem,435,64,20.63,20.63448275862069,14.71,city,
nova iguacu,431,32,12.97,12.967517401392112,7.42,city,
barueri,419,2,6.99,6.985680190930788,0.48,city,
contagem,417,8,10.53,10.529976019184652,1.92,city,
juiz de fora,415,9,11.86,11.857831325301206,2.17,city,
sao goncalo,398,57,17.4,17.399497487437184,14.32,city,
mogi das cruzes,370,4,6.99,6.991891891891892,1.08,city,
vitoria,367,7,13.53,13.528610354223433,1.91,city,
uberlandia,366,7,10.99,10.989071038251366,1.91,city,
piracicaba,360,3,7.06,7.063888888888889,0.83,city,
sao luis,340,42,19.22,19.220588235294116,12.35,city,
sao jose do rio preto,328,2,8.87,8.86890243902439,0.61,city,
vila velha,325,21,16.33,16.32923076923077,6.46,city,
carapicuiba,320,3,6.79,6.79375,0.94,city,
campo grande,315,15,14.04,14.038095238095238,4.76,city,
maua,314,5,8.21,8.210191082802547,1.59,city,
praia grande,297,6,9.71,9.710437710437711,2.02,city,
londrina,297,3,10.48,10.478114478114477,1.01,city,
taboao da serra,284,2,6.1,6.098591549295775,0.7,city,
serra,278,19,16.31,16.309352517985612,6.83,city,
diadema,272,6,7.82,7.823529411764706,2.21,city,
teresina,271,30,19.85,19.85239852398524,11.07,city,
indaiatuba,269,3,7.86,7.862453531598513,1.12,city,
bauru,267,0,8.41,8.408239700374532,0.0,city,
taubate,266,4,9.33,9.334586466165414,1.5,city,
sao caetano do sul,266,3,7.47,7.469924812030075,1.13,city,
duque de caxias,262,19,14.03,14.030534351145038,7.25,city,
maringa,261,3,11.37,11.371647509578544,1.15,city,
joinville,260,19,14.36,14.361538461538462,7.31,city,
maceio,243,62,23.99,23.987654320987655,25.51,city,
cuiaba,242,18,17.54,17.541322314049587,7.44,city,
cotia,242,0,6.51,6.512396694214876,0.0,city,
joao pessoa,241,33,19.57,19.57261410788382,13.69,city,
campos dos goytacazes,235,21,14.01,14.008510638297873,8.94,city,
macae,232,29,16.19,16.19396551724138,12.5,city,
sao carlos,231,3,9.36,9.35930735930736,1.3,city,
volta redonda,226,17,15.56,15.557522123893806,7.52,city,
suzano,221,3,7.58,7.579185520361991,1.36,city,
americana,220,0,7.08,7.077272727272727,0.0,city,
petropolis,219,20,14.72,14.71689497716895,9.13,city,
aracaju,219,30,19.12,19.118721461187214,13.7,city,
guaruja,215,3,7.66,7.655813953488372,1.4,city,
caxias do sul,213,15,15.17,15.169014084507042,7.04,city,
montes claros,206,2,10.4,10.402912621359222,0.97,city,
natal,202,22,17.46,17.455445544554454,10.89,city,
canoas,202,19,16.12,16.123762376237625,9.41,city,
betim,201,7,11.27,11.27363184079602,3.48,city,
marilia,195,3,9.32,9.323076923076924,1.54,city,
santa maria,191,13,16.74,16.7434554973822,6.81,city,
jacarei,189,2,8.38,8.375661375661375,1.06,city,
blumenau,183,5,11.53,11.530054644808743,2.73,city,
uberaba,181,1,10.27,10.2707182320442,0.55,city,
limeira,181,1,7.56,7.558011049723757,0.55,city,
pelotas,180,14,16.57,16.572222222222223,7.78,city,
valinhos,178,0,7.81,7.808988764044944,0.0,city,
sumare,177,4,9.21,9.214689265536723,2.26,city,
santana de parnaiba,176,0,6.64,6.642045454545454,0.0,city,
feira de santana,176,5,15.62,15.619318181818182,2.84,city,
itapevi,169,1,7.6,7.603550295857988,0.59,city,
ipatinga,168,4,11.2,11.196428571428571,2.38,city,
itaquaquecetuba,166,1,8.42,8.421686746987952,0.6,city,
sao jose,165,14,14.58,14.581818181818182,8.48,city,
embu das artes,162,1,7.89,7.888888888888889,0.62,city,
sao vicente,161,5,10.48,10.478260869565217,3.11,city,
presidente prudente,158,2,10.46,10.462025316455696,1.27,city,
franca,158,3,9.5,9.5,1.9,city,
atibaia,154,5,7.97,7.974025974025974,3.25,city,
rio claro,151,1,7.93,7.927152317880795,0.66,city,
cascavel,151,5,11.21,11.205298013245033,3.31,city,
araraquara,150,4,8.67,8.666666666666666,2.67,city,
nova friburgo,145,22,17.7,17.69655172413793,15.17,city,
hortolandia,143,4,11.38,11.384615384615385,2.8,city,
governador valadares,140,4,10.56,10.557142857142857,2.86,city,
braganca paulista,140,1,6.91,6.914285714285715,0.71,city,
divinopolis,136,1,10.32,10.323529411764707,0.74,city,
cariacica,136,8,13.94,13.941176470588236,5.88,city,
rio das ostras,135,21,17.69,17.68888888888889,15.56,city,
ponta grossa,135,5,11.57,11.57037037037037,3.7,city,
manaus,135,43,25.72,25.71851851851852,31.85,city,
aracatuba,135,0,9.51,9.511111111111111,0.0,city,
marica,134,14,15.57,15.567164179104477,10.45,city,
jaboatao dos guararapes,134,5,14.93,14.925373134328359,3.73,city,
itu,132,3,7.73,7.7272727272727275,2.27,city,
sao joao de meriti,129,16,16.38,16.37984496124031,12.4,city,
sao jose dos pinhais,128,2,10.24,10.2421875,1.56,city,
paulinia,125,2,9.3,9.304,1.6,city,
pouso alegre,124,3,11.4,11.39516129032258,2.42,city,
sete lagoas,123,3,12.6,12.601626016260163,2.44,city,
rio grande,122,14,15.61,15.60655737704918,11.48,city,
novo hamburgo,120,6,13.45,13.45,5.0,city,
barra mansa,119,9,14.59,14.588235294117647,7.56,city,
santa barbara d'oeste,118,1,7.57,7.567796610169491,0.85,city,
itajai,118,9,13.87,13.872881355932204,7.63,city,
cachoeiro de itapemirim,118,5,13.42,13.423728813559322,4.24,city,
pocos de caldas,117,1,11.61,11.606837606837606,0.85,city,
cabo frio,116,19,17.8,17.801724137931036,16.38,city,
teresopolis,115,8,14.2,14.2,6.96,city,
resende,115,11,16.02,16.017391304347825,9.57,city,
passo fundo,112,6,13.54,13.535714285714286,5.36,city,
anapolis,110,3,16.0,16.0,2.73,city,
belford roxo,109,5,13.09,13.091743119266056,4.59,city,
palmas,108,2,15.19,15.185185185185185,1.85,city,
gravatai,108,2,13.78,13.777777777777779,1.85,city,
ribeirao pires,107,2,7.64,7.644859813084112,1.87,city,
ferraz de vasconcelos,107,0,7.91,7.906542056074766,0.0,city,
mage,106,4,12.29,12.29245283018868,3.77,city,
nilopolis,105,8,13.36,13.361904761904762,7.62,city,
porto velho,104,10,17.39,17.39423076923077,9.62,city,
franco da rocha,104,0,6.63,6.634615384615385,0.0,city,
aparecida de goiania,103,5,13.69,13.689320388349515,4.85,city,
sao leopoldo,100,5,14.17,14.17,5.0,city,
chapeco,99,9,15.87,15.868686868686869,9.09,city,
botucatu,99,0,9.58,9.575757575757576,0.0,city,
cajamar,98,0,7.23,7.23469387755102,0.0,city,
caieiras,98,2,6.85,6.846938775510204,2.04,city,
balneario camboriu,98,6,13.58,13.581632653061224,6.12,city,
santa luzia,97,4,11.87,11.8659793814433,4.12,city,
patos de minas,97,2,11.66,11.65979381443299,2.06,city,
itapecerica da serra,97,1,9.08,9.082474226804123,1.03,city,
ribeirao das neves,96,2,10.89,10.885416666666666,2.08,city,
pindamonhangaba,96,2,10.01,10.010416666666666,2.08,city,
guaratingueta,96,4,11.22,11.21875,4.17,city,
vinhedo,94,2,7.57,7.574468085106383,2.13,city,
palhoca,94,4,14.84,14.840425531914894,4.26,city,
nova lima,94,2,11.47,11.46808510638298,2.13,city,
itatiba,94,0,7.48,7.4787234042553195,0.0,city,
salto,93,2,8.63,8.634408602150538,2.15,city,
criciuma,93,7,14.0,14.0,7.53,city,
olinda,92,11,19.79,19.793478260869566,11.96,city,
francisco morato,92,1,7.64,7.641304347826087,1.09,city,
vitoria da conquista,91,5,15.42,15.417582417582418,5.49,city,
itajuba,90,2,10.81,10.811111111111112,2.22,city,
araras,89,0,8.91,8.910112359550562,0.0,city,
vicosa,88,1,10.52,10.522727272727273,1.14,city,
mogi-guacu,88,1,9.1,9.102272727272727,1.14,city,
caraguatatuba,88,2,10.17,10.170454545454545,2.27,city,
jaragua do sul,85,3,12.94,12.941176470588236,3.53,city,
foz do iguacu,85,1,12.91,12.905882352941177,1.18,city,
ananindeua,85,16,21.47,21.470588235294116,18.82,city,
votorantim,84,0,7.51,7.511904761904762,0.0,city,
varginha,83,3,11.25,11.25301204819277,3.61,city,
conselheiro lafaiete,83,2,12.81,12.80722891566265,2.41,city,
lages,82,2,13.56,13.560975609756097,2.44,city,
poa,81,0,6.22,6.222222222222222,0.0,city,
lavras,81,5,14.75,14.753086419753087,6.17,city,
angra dos reis,81,6,15.96,15.962962962962964,7.41,city,
ourinhos,79,0,9.3,9.30379746835443,0.0,city,
jandira,79,0,7.09,7.0886075949367084,0.0,city,
itabira,79,1,12.24,12.240506329113924,1.27,city,
assis,79,0,8.87,8.873417721518987,0.0,city,
lorena,78,2,10.51,10.512820512820513,2.56,city,
araxa,78,4,12.96,12.961538461538462,5.13,city,
sao roque,77,1,8.4,8.402597402597403,1.3,city,
itapetininga,77,1,9.39,9.38961038961039,1.3,city,
itanhaem,77,1,9.97,9.974025974025974,1.3,city,
sao joao da boa vista,76,0,10.53,10.526315789473685,0.0,city,
cubatao,76,4,10.3,10.302631578947368,5.26,city,
birigui,76,0,9.17,9.171052631578947,0.0,city,
varzea paulista,75,3,10.07,10.066666666666666,4.0,city,
araruama,75,8,16.65,16.653333333333332,10.67,city,
mesquita,74,5,13.5,13.5,6.76,city,
mairipora,74,0,7.66,7.662162162162162,0.0,city,
barbacena,74,1,11.43,11.432432432432432,1.35,city,
teofilo otoni,73,0,12.12,12.123287671232877,0.0,city,
tatui,73,0,9.37,9.36986301369863,0.0,city,
lauro de freitas,73,5,16.33,16.328767123287673,6.85,city,
ubatuba,72,2,11.9,11.902777777777779,2.78,city,
jau,72,0,7.72,7.722222222222222,0.0,city,
ilheus,72,9,19.18,19.180555555555557,12.5,city,
cacapava,72,0,9.08,9.083333333333334,0.0,city,
barretos,72,0,9.35,9.347222222222221,0.0,city,
mogi mirim,71,0,7.21,7.211267605633803,0.0,city,
viamao,70,7,18.01,18.014285714285716,10.0,city,
toledo,70,2,13.03,13.028571428571428,2.86,city,
rio branco,70,5,18.64,18.642857142857142,7.14,city,
catanduva,70,1,7.79,7.785714285714286,1.43,city,
pinhais,69,2,9.54,9.53623188405797,2.9,city,
campina grande,68,9,17.5,17.5,13.24,city,
pirassununga,67,0,11.07,11.074626865671641,0.0,city,
cachoeirinha,67,2,13.69,13.686567164179104,2.99,city,
sao joao del rei,66,2,12.68,12.681818181818182,3.03,city,
rio verde,66,4,15.94,15.93939393939394,6.06,city,
aruja,66,0,6.05,6.045454545454546,0.0,city,
petrolina,65,4,15.32,15.323076923076924,6.15,city,
manhuacu,65,2,10.85,10.846153846153847,3.08,city,
muriae,64,1,10.8,10.796875,1.56,city,
guarapari,64,2,14.38,14.375,3.12,city,
bage,64,5,15.92,15.921875,7.81,city,
guarapuava,63,1,11.83,11.825396825396826,1.59,city,
colatina,63,2,12.22,12.222222222222221,3.17,city,
caruaru,63,6,16.89,16.88888888888889,9.52,city,
avare,63,2,11.0,11.0,3.17,city,
jaguariuna,62,0,7.18,7.17741935483871,0.0,city,
votuporanga,61,0,9.75,9.754098360655737,0.0,city,
sertaozinho,61,0,9.39,9.39344262295082,0.0,city,
parnamirim,61,6,15.49,15.491803278688524,9.84,city,
amparo,61,1,8.64,8.639344262295081,1.64,city,
valenca,60,4,18.3,18.3,6.67,city,
sao sebastiao,60,2,10.02,10.016666666666667,3.33,city,
santa cruz do sul,60,2,14.68,14.683333333333334,3.33,city,
rondonopolis,60,3,16.07,16.066666666666666,5.0,city,
paracatu,60,1,11.5,11.5,1.67,city,
linhares,60,3,13.02,13.016666666666667,5.0,city,
itabuna,60,6,17.2,17.2,10.0,city,
dourados,59,2,15.36,15.35593220338983,3.39,city,
colombo,59,1,11.42,11.423728813559322,1.69,city,
caratinga,59,1,11.63,11.627118644067796,1.69,city,
camacari,59,9,18.92,18.915254237288135,15.25,city,
paranagua,58,2,11.67,11.672413793103448,3.45,city,
lagoa santa,57,0,9.89,9.894736842105264,0.0,city,
itaborai,57,7,16.25,16.24561403508772,12.28,city,
brusque,57,2,14.02,14.017543859649123,3.51,city,
ouro preto,56,3,13.23,13.232142857142858,5.36,city,
tubarao,55,1,14.49,14.49090909090909,1.82,city,
itapeva,55,0,8.05,8.054545454545455,0.0,city,
alvorada,55,3,14.91,14.909090909090908,5.45,city,
lins,54,4,11.8,11.796296296296296,7.41,city,
jatai,54,3,15.72,15.722222222222221,5.56,city,
itauna,54,0,10.8,10.796296296296296,0.0,city,
cruzeiro,54,0,10.33,10.333333333333334,0.0,city,
campo mourao,54,0,12.72,12.722222222222221,0.0,city,
bento goncalves,54,1,10.83,10.833333333333334,1.85,city,
unai,53,1,12.34,12.339622641509434,1.89,city,
tupa,53,1,9.77,9.773584905660377,1.89,city,
macapa,53,9,26.96,26.962264150943398,16.98,city,
itapira,53,2,10.43,10.433962264150944,3.77,city,
fernandopolis,53,0,9.06,9.056603773584905,0.0,city,
erechim,53,2,15.25,15.245283018867925,3.77,city,
araguari,53,0,10.49,10.49056603773585,0.0,city,
queimados,52,3,11.12,11.115384615384615,5.77,city,
matao,52,0,9.17,9.173076923076923,0.0,city,
jaboticabal,52,1,9.73,9.73076923076923,1.92,city,
araucaria,52,1,11.23,11.23076923076923,1.92,city,
pato branco,51,0,11.43,11.431372549019608,0.0,city,
nova serrana,51,3,12.84,12.843137254901961,5.88,city,
barreiras,51,4,18.37,18.372549019607842,7.84,city,
barra do pirai,51,3,13.43,13.431372549019608,5.88,city,
uba,50,2,13.48,13.48,4.0,city,
timoteo,50,1,10.34,10.34,2.0,city,
ijui,50,0,14.44,14.44,0.0,city,
francisco beltrao,50,1,9.36,9.36,2.0,city,
bebedouro,50,1,10.4,10.4,2.0,city,
apucarana,50,1,10.96,10.96,2.0,city,
cosmopolis,49,0,9.39,9.387755102040817,0.0,city,
concordia,49,4,15.88,15.877551020408163,8.16,city,
uruguaiana,48,1,11.48,11.479166666666666,2.08,city,
leme,48,1,10.4,10.395833333333334,2.08,city,
lajeado,48,0,15.02,15.020833333333334,0.0,city,
ibirite,48,0,9.56,9.5625,0.0,city,
boituva,48,0,8.94,8.9375,0.0,city,
videira,47,3,16.57,16.574468085106382,6.38,city,
joao monlevade,47,0,9.96,9.957446808510639,0.0,city,
ituiutaba,47,0,10.98,10.97872340425532,0.0,city,
itaguai,47,2,10.96,10.957446808510639,4.26,city,
campo limpo paulista,47,1,10.72,10.72340425531915,2.13,city,
bertioga,47,1,10.77,10.76595744680851,2.13,city,
registro,46,0,10.3,10.304347826086957,0.0,city,
patrocinio,46,1,10.37,10.369565217391305,2.17,city,
paranavai,46,0,12.24,12.23913043478261,0.0,city,
lencois paulista,45,1,8.22,8.222222222222221,2.22,city,
itaperuna,45,6,18.18,18.177777777777777,13.33,city,
ilhabela,45,0,10.27,10.266666666666667,0.0,city,
embu-guacu,45,0,7.84,7.844444444444444,0.0,city,
vespasiano,44,0,9.68,9.681818181818182,0.0,city,
sinop,44,3,17.45,17.454545454545453,6.82,city,
sao pedro da aldeia,44,7,16.55,16.545454545454547,15.91,city,
sao mateus,44,2,14.16,14.159090909090908,4.55,city,
sao bento do sul,44,0,12.98,12.977272727272727,0.0,city,
juazeiro,44,7,22.48,22.477272727272727,15.91,city,
itupeva,44,1,10.55,10.545454545454545,2.27,city,
boa vista,44,12,26.39,26.386363636363637,27.27,city,
vargem grande paulista,43,0,6.4,6.395348837209302,0.0,city,
santo angelo,43,0,13.02,13.023255813953488,0.0,city,
santarem,43,25,32.0,32.0,58.14,city,
peruibe,43,1,12.14,12.13953488372093,2.33,city,
passos,43,0,12.3,12.30232558139535,0.0,city,
tres coracoes,42,2,13.21,13.214285714285714,4.76,city,
sao jose do rio pardo,42,2,11.33,11.333333333333334,4.76,city,
paulista,42,5,19.21,19.214285714285715,11.9,city,
louveira,42,2,11.24,11.238095238095237,4.76,city,
itapema,42,2,12.19,12.19047619047619,4.76,city,
curvelo,42,3,12.19,12.19047619047619,7.14,city,
artur nogueira,42,0,7.0,7.0,0.0,city,
alfenas,42,0,11.29,11.285714285714286,0.0,city,
varzea grande,41,4,18.15,18.146341463414632,9.76,city,
tres lagoas,41,5,20.05,20.048780487804876,12.2,city,
mongagua,41,1,10.22,10.21951219512195,2.44,city,
guaira,41,0,10.05,10.048780487804878,0.0,city,
esteio,41,3,16.54,16.536585365853657,7.32,city,
coronel fabriciano,41,0,9.05,9.048780487804878,0.0,city,
andradina,41,0,8.56,8.560975609756097,0.0,city,
umuarama,40,2,13.42,13.425,5.0,city,
saquarema,40,6,16.42,16.425,15.0,city,
sapucaia do sul,40,5,15.25,15.25,12.5,city,
sao miguel do oeste,40,0,13.02,13.025,0.0,city,
sabara,40,0,9.07,9.075,0.0,city,
pirapora,40,0,10.72,10.725,0.0,city,
pedro leopoldo,40,0,9.38,9.375,0.0,city,
paulo afonso,40,2,18.9,18.9,5.0,city,
extrema,40,0,10.62,10.625,0.0,city,
cacador,40,1,12.98,12.975,2.5,city,
araguaina,40,5,20.2,20.2,12.5,city,
ponte nova,39,0,11.56,11.564102564102564,0.0,city,
ouro branco,39,2,12.87,12.871794871794872,5.13,city,
imperatriz,39,5,21.67,21.666666666666668,12.82,city,
bom despacho,39,0,11.26,11.256410256410257,0.0,city,
aracruz,39,3,15.26,15.256410256410257,7.69,city,
alagoinhas,39,4,20.18,20.17948717948718,10.26,city,
tres rios,38,3,12.53,12.526315789473685,7.89,city,
porto seguro,38,10,22.05,22.05263157894737,26.32,city,
olimpia,38,0,9.39,9.394736842105264,0.0,city,
nova odessa,38,1,8.47,8.473684210526315,2.63,city,
monte mor,38,2,10.32,10.31578947368421,5.26,city,
guanambi,38,6,19.13,19.13157894736842,15.79,city,
capao da canoa,38,4,15.24,15.236842105263158,10.53,city,
tiete,37,1,9.54,9.54054054054054,2.7,city,
eunapolis,37,0,14.65,14.64864864864865,0.0,city,
cianorte,37,0,11.57,11.567567567567568,0.0,city,
campo largo,37,0,8.78,8.783783783783784,0.0,city,
valparaiso de goias,36,1,14.14,14.13888888888889,2.78,city,
tremembe,36,1,10.69,10.694444444444445,2.78,city,
sobral,36,9,22.47,22.47222222222222,25.0,city,
penapolis,36,0,7.92,7.916666666666667,0.0,city,
mossoro,36,7,18.53,18.52777777777778,19.44,city,
luis eduardo magalhaes,36,9,21.33,21.333333333333332,25.0,city,
itumbiara,36,0,11.64,11.63888888888889,0.0,city,
campo bom,36,1,11.58,11.583333333333334,2.78,city,
caldas novas,36,2,16.58,16.583333333333332,5.56,city,
vassouras,35,3,11.6,11.6,8.57,city,
sao sebastiao do paraiso,35,1,11.2,11.2,2.86,city,
paracambi,35,3,13.83,13.82857142857143,8.57,city,
para de minas,35,0,11.34,11.342857142857143,0.0,city,
caucaia,35,6,23.09,23.085714285714285,17.14,city,
adamantina,35,0,11.11,11.114285714285714,0.0,city,
santa rita do sapucai,34,3,15.21,15.205882352941176,8.82,city,
santa cruz do rio pardo,34,0,8.38,8.382352941176471,0.0,city,
pedreira,34,0,9.0,9.0,0.0,city,
osorio,34,1,11.62,11.617647058823529,2.94,city,
jequie,34,4,19.62,19.61764705882353,11.76,city,
japeri,34,3,15.24,15.235294117647058,8.82,city,
formosa,34,1,17.38,17.38235294117647,2.94,city,
capivari,34,0,7.74,7.735294117647059,0.0,city,
arapongas,34,4,12.91,12.911764705882353,11.76,city,
almirante tamandare,34,1,12.59,12.588235294117647,2.94,city,
alegrete,34,0,12.94,12.941176470588236,0.0,city,
telemaco borba,33,0,10.45,10.454545454545455,0.0,city,
taquaritinga,33,0,10.21,10.212121212121213,0.0,city,
santa fe do sul,33,1,10.85,10.848484848484848,3.03,city,
rio do sul,33,2,14.52,14.515151515151516,6.06,city,
maracanau,33,6,18.06,18.060606060606062,18.18,city,
juazeiro do norte,33,3,18.27,18.272727272727273,9.09,city,
imbituba,33,2,14.12,14.121212121212121,6.06,city,
camaragibe,33,3,19.0,19.0,9.09,city,
seropedica,32,2,12.28,12.28125,6.25,city,
sao lourenco,32,0,11.0,11.0,0.0,city,
monte alto,32,0,9.16,9.15625,0.0,city,
mococa,32,0,9.19,9.1875,0.0,city,
mariana,32,0,11.81,11.8125,0.0,city,
formiga,32,0,9.78,9.78125,0.0,city,
cruz alta,32,0,10.47,10.46875,0.0,city,
cataguases,32,1,10.94,10.9375,3.12,city,
sao joaquim da barra,31,2,13.65,13.64516129032258,6.45,city,
santo antonio de padua,31,4,14.55,14.548387096774194,12.9,city,
promissao,31,2,9.35,9.35483870967742,6.45,city,
montenegro,31,1,12.61,12.612903225806452,3.23,city,
itabirito,31,1,9.94,9.935483870967742,3.23,city,
guaxupe,31,0,12.0,12.0,0.0,city,
catalao,31,3,16.9,16.903225806451612,9.68,city,
cachoeira do sul,31,1,12.03,12.03225806451613,3.23,city,
santa rosa,30,1,14.2,14.2,3.33,city,
luziania,30,0,12.47,12.466666666666667,0.0,city,
ituverava,30,0,8.2,8.2,0.0,city,
gramado,30,0,12.57,12.566666666666666,0.0,city,
congonhas,30,2,13.0,13.0,6.67,city,
mirassol,29,0,9.28,9.275862068965518,0.0,city,
marechal candido rondon,29,0,13.66,13.655172413793103,0.0,city,
ibiuna,29,0,10.14,10.137931034482758,0.0,city,
guaiba,29,3,13.66,13.655172413793103,10.34,city,
gaspar,29,1,12.1,12.10344827586207,3.45,city,
alem paraiba,29,1,12.69,12.689655172413794,3.45,city,
xanxere,28,1,14.39,14.392857142857142,3.57,city,
trindade,28,2,15.54,15.535714285714286,7.14,city,
teixeira de freitas,28,3,15.96,15.964285714285714,10.71,city,
santo antonio de jesus,28,1,14.79,14.785714285714286,3.57,city,
santa isabel,28,0,7.18,7.178571428571429,0.0,city,
piumhii,28,0,11.0,11.0,0.0,city,
orlandia,28,0,8.43,8.428571428571429,0.0,city,
miguel pereira,28,3,14.0,14.0,10.71,city,
mafra,28,0,11.07,11.071428571428571,0.0,city,
itapolis,28,1,12.5,12.5,3.57,city,
garca,28,0,9.11,9.107142857142858,0.0,city,
fazenda rio grande,28,1,11.71,11.714285714285714,3.57,city,
farroupilha,28,1,10.96,10.964285714285714,3.57,city,
dracena,28,1,10.25,10.25,3.57,city,
corumba,28,2,16.79,16.785714285714285,7.14,city,
cerquilho,28,0,10.04,10.035714285714286,0.0,city,
arapiraca,28,8,23.96,23.964285714285715,28.57,city,
uniao da vitoria,27,1,12.44,12.444444444444445,3.7,city,
tijucas,27,1,16.26,16.25925925925926,3.7,city,
rolandia,27,0,9.85,9.851851851851851,0.0,city,
rio bonito,27,2,13.67,13.666666666666666,7.41,city,
primavera do leste,27,2,17.56,17.555555555555557,7.41,city,
navegantes,27,1,12.81,12.814814814814815,3.7,city,
jales,27,0,6.93,6.925925925925926,0.0,city,
itarare,27,0,8.41,8.407407407407407,0.0,city,
diamantina,27,0,10.56,10.555555555555555,0.0,city,
canoinhas,27,1,12.04,12.037037037037036,3.7,city,
camboriu,27,0,12.96,12.962962962962964,0.0,city,
cambe,27,1,12.7,12.703703703703704,3.7,city,
barra bonita,27,0,10.37,10.37037037037037,0.0,city,
armacao dos buzios,27,8,24.33,24.333333333333332,29.63,city,
santiago,26,0,14.96,14.961538461538462,0.0,city,
presidente venceslau,26,2,9.62,9.615384615384615,7.69,city,
porto ferreira,26,0,8.58,8.576923076923077,0.0,city,
joacaba,26,2,17.92,17.923076923076923,7.69,city,
indaial,26,0,12.58,12.576923076923077,0.0,city,
frutal,26,0,7.96,7.961538461538462,0.0,city,
brumadinho,26,1,9.73,9.73076923076923,3.85,city,
batatais,26,0,7.96,7.961538461538462,0.0,city,
viana,25,3,18.04,18.04,12.0,city,
tramandai,25,1,16.08,16.08,4.0,city,
sapiranga,25,0,11.68,11.68,0.0,city,
mineiros,25,0,12.64,12.64,0.0,city,
matinhos,25,1,11.64,11.64,4.0,city,
garanhuns,25,0,16.44,16.44,0.0,city,
dois vizinhos,25,0,14.12,14.12,0.0,city,
carangola,25,0,10.56,10.56,0.0,city,
caete,25,1,12.28,12.28,4.0,city,
cachoeira paulista,25,0,7.4,7.4,0.0,city,
caceres,25,1,16.84,16.84,4.0,city,
biguacu,25,1,14.48,14.48,4.0,city,
arraial do cabo,25,5,20.04,20.04,20.0,city,
altamira,25,8,27.52,27.52,32.0,city,
venancio aires,24,1,15.83,15.833333333333334,4.17,city,
tangara da serra,24,2,18.88,18.875,8.33,city,
sarandi,24,0,8.92,8.916666666666666,0.0,city,
rio grande da serra,24,0,7.42,7.416666666666667,0.0,city,
parauapebas,24,6,23.79,23.791666666666668,25.0,city,
nanuque,24,3,14.92,14.916666666666666,12.5,city,
lucas do rio verde,24,3,18.46,18.458333333333332,12.5,city,
ilha solteira,24,0,10.17,10.166666666666666,0.0,city,
cornelio procopio,24,0,11.92,11.916666666666666,0.0,city,
cordeiro,24,0,11.29,11.291666666666666,0.0,city,
carazinho,24,0,13.12,13.125,0.0,city,
campos do jordao,24,0,11.38,11.375,0.0,city,
barra do garcas,24,0,12.92,12.916666666666666,0.0,city,
arcos,24,1,14.08,14.083333333333334,4.17,city,
sao gabriel,23,1,14.78,14.782608695652174,4.35,city,
sao fidelis,23,0,11.7,11.695652173913043,0.0,city,
santa barbara,23,1,12.78,12.782608695652174,4.35,city,
piedade,23,0,12.26,12.26086956521739,0.0,city,
parnaiba,23,0,14.91,14.91304347826087,0.0,city,
monte carmelo,23,0,8.43,8.434782608695652,0.0,city,
medianeira,23,1,12.35,12.347826086956522,4.35,city,
mairinque,23,0,9.83,9.826086956521738,0.0,city,
jacobina,23,2,16.35,16.347826086956523,8.7,city,
holambra,23,0,7.61,7.608695652173913,0.0,city,
gurupi,23,0,13.48,13.478260869565217,0.0,city,
guapimirim,23,1,10.74,10.73913043478261,4.35,city,
dias d'avila,23,0,13.48,13.478260869565217,0.0,city,
cravinhos,23,0,8.83,8.826086956521738,0.0,city,
capao bonito,23,0,9.96,9.956521739130435,0.0,city,
aparecida,23,0,11.22,11.217391304347826,0.0,city,
aguas lindas de goias,23,1,12.7,12.695652173913043,4.35,city,
aguas de lindoia,23,1,10.57,10.565217391304348,4.35,city,
vacaria,22,0,11.27,11.272727272727273,0.0,city,
salinas,22,0,12.59,12.590909090909092,0.0,city,
presidente epitacio,22,0,9.32,9.318181818181818,0.0,city,
porto feliz,22,0,7.41,7.409090909090909,0.0,city,
maraba,22,7,25.23,25.227272727272727,31.82,city,
irati,22,0,11.68,11.681818181818182,0.0,city,
ibitinga,22,0,9.32,9.318181818181818,0.0,city,
coromandel,22,3,14.91,14.909090909090908,13.64,city,
castro,22,0,11.64,11.636363636363637,0.0,city,
castanhal,22,3,19.68,19.681818181818183,13.64,city,
vera cruz,21,5,22.29,22.285714285714285,23.81,city,
taquara,21,0,12.48,12.476190476190476,0.0,city,
santos dumont,21,0,11.86,11.857142857142858,0.0,city,
rancharia,21,0,10.81,10.80952380952381,0.0,city,
pitangui,21,0,11.81,11.80952380952381,0.0,city,
piracaia,21,1,10.05,10.047619047619047,4.76,city,
pinhalzinho,21,1,13.95,13.952380952380953,4.76,city,
oliveira,21,1,12.0,12.0,4.76,city,
machado,21,1,12.05,12.047619047619047,4.76,city,
januaria,21,1,16.95,16.952380952380953,4.76,city,
icara,21,1,13.38,13.380952380952381,4.76,city,
curitibanos,21,1,13.0,13.0,4.76,city,
candeias,21,1,13.62,13.619047619047619,4.76,city,
campo belo,21,0,10.86,10.857142857142858,0.0,city,
cachoeiras de macacu,21,2,13.38,13.380952380952381,9.52,city,
cabo de santo agostinho,21,2,15.33,15.333333333333334,9.52,city,
brumado,21,2,16.9,16.904761904761905,9.52,city,
bom jesus do itabapoana,21,2,16.86,16.857142857142858,9.52,city,
aracati,21,2,20.71,20.714285714285715,9.52,city,
tres pontas,20,0,9.4,9.4,0.0,city,
sorriso,20,0,16.45,16.45,0.0,city,
simoes filho,20,0,15.15,15.15,0.0,city,
sao manuel,20,0,8.7,8.7,0.0,city,
sao gotardo,20,2,14.85,14.85,10.0,city,
santana do livramento,20,0,12.6,12.6,0.0,city,
pederneiras,20,0,8.85,8.85,0.0,city,
marau,20,0,12.3,12.3,0.0,city,
juquitiba,20,0,6.7,6.7,0.0,city,
ibiruba,20,0,11.5,11.5,0.0,city,
garopaba,20,0,13.15,13.15,0.0,city,
carlos barbosa,20,0,13.95,13.95,0.0,city,
capelinha,20,0,9.85,9.85,0.0,city,
cambui,20,2,15.95,15.95,10.0,city,
braco do norte,20,1,13.9,13.9,5.0,city,
tambau,19,1,10.58,10.578947368421053,5.26,city,
santo antonio de posse,19,0,8.58,8.578947368421053,0.0,city,
pereira barreto,19,1,11.26,11.263157894736842,5.26,city,
paraguacu paulista,19,0,8.63,8.631578947368421,0.0,city,
monte siao,19,1,12.42,12.421052631578947,5.26,city,
monte azul paulista,19,0,10.11,10.105263157894736,0.0,city,
miracema,19,0,12.21,12.210526315789474,0.0,city,
laranjeiras do sul,19,0,11.32,11.31578947368421,0.0,city,
jaguariaiva,19,0,8.16,8.157894736842104,0.0,city,
estancia velha,19,0,11.74,11.736842105263158,0.0,city,
crato,19,0,15.79,15.789473684210526,0.0,city,
claudio,19,1,12.21,12.210526315789474,5.26,city,
casimiro de abreu,19,2,13.26,13.263157894736842,10.53,city,
cantagalo,19,1,15.74,15.736842105263158,5.26,city,
cafelandia,19,0,8.37,8.368421052631579,0.0,city,
viradouro,18,0,7.44,7.444444444444445,0.0,city,
vilhena,18,0,16.5,16.5,0.0,city,
veranopolis,18,0,12.17,12.166666666666666,0.0,city,
socorro,18,0,7.78,7.777777777777778,0.0,city,
senhor do bonfim,18,0,15.83,15.833333333333334,0.0,city,
sarzedo,18,0,9.39,9.38888888888889,0.0,city,
sao francisco,18,1,14.06,14.055555555555555,5.56,city,
quatro barras,18,0,9.78,9.777777777777779,0.0,city,
piraju,18,0,7.33,7.333333333333333,0.0,city,
picos,18,2,17.78,17.77777777777778,11.11,city,
paraty,18,3,18.89,18.88888888888889,16.67,city,
palmital,18,1,10.5,10.5,5.56,city,
nova granada,18,0,10.5,10.5,0.0,city,
jarinu,18,0,8.72,8.722222222222221,0.0,city,
iguaba grande,18,2,17.17,17.166666666666668,11.11,city,
guararapes,18,0,10.67,10.666666666666666,0.0,city,
guapore,18,0,15.06,15.055555555555555,0.0,city,
guanhaes,18,0,11.5,11.5,0.0,city,
goianesia,18,1,13.61,13.61111111111111,5.56,city,
espirito santo do pinhal,18,0,9.0,9.0,0.0,city,
espera feliz,18,0,10.39,10.38888888888889,0.0,city,
dois irmaos,18,1,11.44,11.444444444444445,5.56,city,
conchal,18,1,10.67,10.666666666666666,5.56,city,
canela,18,0,10.22,10.222222222222221,0.0,city,
bonfim paulista,18,1,9.67,9.666666666666666,5.56,city,
boa esperanca,18,1,13.94,13.944444444444445,5.56,city,
barao de cocais,18,0,11.28,11.277777777777779,0.0,city,
bambui,18,1,10.39,10.38888888888889,5.56,city,
ararangua,18,0,13.33,13.333333333333334,0.0,city,
visconde do rio branco,17,0,10.71,10.705882352941176,0.0,city,
tucurui,17,1,16.88,16.88235294117647,5.88,city,
timbo,17,2,17.47,17.470588235294116,11.76,city,
santo antonio da patrulha,17,1,14.65,14.647058823529411,5.88,city,
redencao,17,4,23.94,23.941176470588236,23.53,city,
posse,17,1,15.59,15.588235294117647,5.88,city,
pompeia,17,0,11.59,11.588235294117647,0.0,city,
piuma,17,1,12.94,12.941176470588236,5.88,city,
pitangueiras,17,0,9.24,9.235294117647058,0.0,city,
penha,17,1,14.12,14.117647058823529,5.88,city,
paraiba do sul,17,3,14.76,14.764705882352942,17.65,city,
paragominas,17,3,22.18,22.176470588235293,17.65,city,
panambi,17,1,16.47,16.470588235294116,5.88,city,
novo horizonte,17,0,9.65,9.647058823529411,0.0,city,
nova venecia,17,1,12.12,12.117647058823529,5.88,city,
mandaguari,17,0,13.94,13.941176470588236,0.0,city,
leopoldina,17,0,11.12,11.117647058823529,0.0,city,
laranjal paulista,17,1,11.53,11.529411764705882,5.88,city,
juina,17,1,16.29,16.294117647058822,5.88,city,
jacutinga,17,0,13.0,13.0,0.0,city,
itatiaia,17,3,17.82,17.823529411764707,17.65,city,
itapetinga,17,0,15.12,15.117647058823529,0.0,city,
iracemapolis,17,1,9.71,9.705882352941176,5.88,city,
igrejinha,17,1,13.65,13.647058823529411,5.88,city,
floriano,17,3,21.24,21.235294117647058,17.65,city,
cruz das almas,17,1,17.76,17.764705882352942,5.88,city,
cerqueira cesar,17,2,12.29,12.294117647058824,11.76,city,
caxambu,17,1,12.76,12.764705882352942,5.88,city,
castelo,17,1,18.88,18.88235294117647,5.88,city,
bonito,17,3,19.82,19.823529411764707,17.65,city,
bom jesus dos perdoes,17,1,9.94,9.941176470588236,5.88,city,
bom jardim,17,2,16.59,16.58823529411765,11.76,city,
barrinha,17,2,16.0,16.0,11.76,city,
alegre,17,1,14.82,14.823529411764707,5.88,city,
uruacu,16,0,13.06,13.0625,0.0,city,
torres,16,1,13.94,13.9375,6.25,city,
taquarituba,16,0,9.19,9.1875,0.0,city,
senador canedo,16,2,16.31,16.3125,12.5,city,
sao francisco do sul,16,0,16.88,16.875,0.0,city,
santana do paraiso,16,0,10.25,10.25,0.0,city,
santa vitoria,16,0,11.38,11.375,0.0,city,
santa rita do passa quatro,16,0,8.19,8.1875,0.0,city,
salgueiro,16,1,14.69,14.6875,6.25,city,
rio negro,16,1,10.81,10.8125,6.25,city,
ponta pora,16,0,14.56,14.5625,0.0,city,
patos,16,1,16.69,16.6875,6.25,city,
palmeira,16,0,13.44,13.4375,0.0,city,
ouro fino,16,1,11.75,11.75,6.25,city,
morrinhos,16,2,18.88,18.875,12.5,city,
marialva,16,1,12.88,12.875,6.25,city,
marataizes,16,0,13.06,13.0625,0.0,city,
manhumirim,16,0,12.19,12.1875,0.0,city,
joao pinheiro,16,2,12.19,12.1875,12.5,city,
ji-parana,16,1,18.62,18.625,6.25,city,
janauba,16,0,10.44,10.4375,0.0,city,
itaocara,16,1,12.88,12.875,6.25,city,
ipora,16,0,12.81,12.8125,0.0,city,
ipojuca,16,2,19.38,19.375,12.5,city,
ipero,16,0,8.88,8.875,0.0,city,
estrela,16,0,9.06,9.0625,0.0,city,
cordeiropolis,16,0,8.38,8.375,0.0,city,
charqueadas,16,0,14.19,14.1875,0.0,city,
caxias,16,1,19.69,19.6875,6.25,city,
carmo do paranaiba,16,0,14.81,14.8125,0.0,city,
candido mota,16,0,9.12,9.125,0.0,city,
campo novo do parecis,16,0,14.94,14.9375,0.0,city,
cajati,16,0,10.75,10.75,0.0,city,
barra velha,16,0,15.38,15.375,0.0,city,
balsas,16,4,25.25,25.25,25.0,city,
agudos,16,1,11.31,11.3125,6.25,city,
agua boa,16,0,16.75,16.75,0.0,city,
vitoria de santo antao,15,2,19.33,19.333333333333332,13.33,city,
venda nova do imigrante,15,0,15.6,15.6,0.0,city,
timon,15,3,16.0,16.0,20.0,city,
sao mateus do sul,15,0,12.93,12.933333333333334,0.0,city,
sao luiz gonzaga,15,0,10.53,10.533333333333333,0.0,city,
sao joao da barra,15,2,14.87,14.866666666666667,13.33,city,
sao borja,15,1,15.93,15.933333333333334,6.67,city,
santo antonio do monte,15,0,12.0,12.0,0.0,city,
santa ines,15,4,22.73,22.733333333333334,26.67,city,
santa adelia,15,0,10.6,10.6,0.0,city,
presidente dutra,15,3,29.07,29.066666666666666,20.0,city,
pirai,15,3,19.73,19.733333333333334,20.0,city,
pariquera-acu,15,0,11.6,11.6,0.0,city,
paraisopolis,15,1,12.8,12.8,6.67,city,
palmeira das missoes,15,0,11.93,11.933333333333334,0.0,city,
osvaldo cruz,15,0,8.93,8.933333333333334,0.0,city,
novo gama,15,0,13.8,13.8,0.0,city,
nova prata,15,0,9.53,9.533333333333333,0.0,city,
nova era,15,0,10.93,10.933333333333334,0.0,city,
lapa,15,0,11.53,11.533333333333333,0.0,city,
jacarezinho,15,0,9.87,9.866666666666667,0.0,city,
iturama,15,0,13.73,13.733333333333333,0.0,city,
inhumas,15,0,16.33,16.333333333333332,0.0,city,
iguatu,15,2,22.07,22.066666666666666,13.33,city,
guacui,15,2,16.87,16.866666666666667,13.33,city,
fraiburgo,15,1,12.0,12.0,6.67,city,
cunha,15,0,9.67,9.666666666666666,0.0,city,
buritis,15,0,12.47,12.466666666666667,0.0,city,
bombinhas,15,0,15.33,15.333333333333334,0.0,city,
bastos,15,0,8.47,8.466666666666667,0.0,city,
bariri,15,0,10.4,10.4,0.0,city,
anchieta,15,1,17.33,17.333333333333332,6.67,city,
americo brasiliense,15,0,13.13,13.133333333333333,0.0,city,
vargem grande do sul,14,0,7.5,7.5,0.0,city,
taio,14,1,16.21,16.214285714285715,7.14,city,
serrinha,14,1,17.86,17.857142857142858,7.14,city,
serra negra,14,0,7.36,7.357142857142857,0.0,city,
sao lourenco do sul,14,1,14.43,14.428571428571429,7.14,city,
sao jose de ribamar,14,4,28.14,28.142857142857142,28.57,city,
sao joao nepomuceno,14,0,12.79,12.785714285714286,0.0,city,
sao gabriel da palha,14,0,13.86,13.857142857142858,0.0,city,
sao francisco de itabapoana,14,1,14.14,14.142857142857142,7.14,city,
santo anastacio,14,1,10.57,10.571428571428571,7.14,city,
santa maria de jetiba,14,1,14.57,14.571428571428571,7.14,city,
quirinopolis,14,2,19.36,19.357142857142858,14.29,city,
porto uniao,14,0,14.64,14.642857142857142,0.0,city,
piraquara,14,1,10.71,10.714285714285714,7.14,city,
pirapora do bom jesus,14,0,6.21,6.214285714285714,0.0,city,
paranaiba,14,0,11.07,11.071428571428571,0.0,city,
nossa senhora do socorro,14,4,24.5,24.5,28.57,city,
natividade,14,2,14.71,14.714285714285714,14.29,city,
mirassol d'oeste,14,1,16.14,16.142857142857142,7.14,city,
junqueiropolis,14,0,9.36,9.357142857142858,0.0,city,
jaguare,14,0,11.93,11.928571428571429,0.0,city,
ituporanga,14,0,12.86,12.857142857142858,0.0,city,
itanhandu,14,0,11.0,11.0,0.0,city,
itabaiana,14,2,19.43,19.428571428571427,14.29,city,
iguape,14,0,10.79,10.785714285714286,0.0,city,
guariba,14,0,12.36,12.357142857142858,0.0,city,
frederico westphalen,14,2,16.5,16.5,14.29,city,
feliz,14,1,15.29,15.285714285714286,7.14,city,
esmeraldas,14,0,8.79,8.785714285714286,0.0,city,
divino,14,0,10.29,10.285714285714286,0.0,city,
conselheiro pena,14,0,11.43,11.428571428571429,0.0,city,
chapadao do sul,14,3,20.79,20.785714285714285,21.43,city,
cangucu,14,0,13.5,13.5,0.0,city,
campos novos,14,0,13.14,13.142857142857142,0.0,city,
bandeirantes,14,0,11.0,11.0,0.0,city,
almenara,14,0,12.93,12.928571428571429,0.0,city,
tupaciguara,13,0,10.23,10.23076923076923,0.0,city,
triunfo,13,1,13.85,13.846153846153847,7.69,city,
teodoro sampaio,13,0,10.46,10.461538461538462,0.0,city,
taiobeiras,13,0,14.31,14.307692307692308,0.0,city,
serrana,13,0,9.38,9.384615384615385,0.0,city,
sao simao,13,0,13.69,13.692307692307692,0.0,city,
santana,13,2,21.38,21.384615384615383,15.38,city,
santa maria da vitoria,13,1,18.31,18.307692307692307,7.69,city,
santa cruz do capibaribe,13,1,14.69,14.692307692307692,7.69,city,
salto de pirapora,13,0,11.46,11.461538461538462,0.0,city,
rio negrinho,13,0,12.23,12.23076923076923,0.0,city,
quixada,13,1,21.62,21.615384615384617,7.69,city,
quissama,13,0,11.08,11.076923076923077,0.0,city,
quata,13,0,8.92,8.923076923076923,0.0,city,
porangatu,13,0,14.85,14.846153846153847,0.0,city,
pontal,13,0,8.31,8.307692307692308,0.0,city,
pojuca,13,1,15.85,15.846153846153847,7.69,city,
pirapozinho,13,0,8.92,8.923076923076923,0.0,city,
pinheiral,13,1,16.38,16.384615384615383,7.69,city,
petrolandia,13,0,12.54,12.538461538461538,0.0,city,
parati,13,0,13.31,13.307692307692308,0.0,city,
paraguacu,13,0,13.08,13.076923076923077,0.0,city,
niquelandia,13,0,13.08,13.076923076923077,0.0,city,
miguelopolis,13,0,8.85,8.846153846153847,0.0,city,
marituba,13,4,24.38,24.384615384615383,30.77,city,
maracaju,13,0,15.23,15.23076923076923,0.0,city,
mangaratiba,13,2,17.46,17.46153846153846,15.38,city,
loanda,13,0,10.85,10.846153846153847,0.0,city,
laguna,13,2,17.38,17.384615384615383,15.38,city,
lagoa vermelha,13,0,12.69,12.692307692307692,0.0,city,
jardinopolis,13,0,9.38,9.384615384615385,0.0,city,
ivoti,13,1,12.69,12.692307692307692,7.69,city,
itaporanga,13,1,15.85,15.846153846153847,7.69,city,
italva,13,1,9.85,9.846153846153847,7.69,city,
ipameri,13,0,13.38,13.384615384615385,0.0,city,
imbe,13,1,14.92,14.923076923076923,7.69,city,
igarassu,13,1,17.62,17.615384615384617,7.69,city,
ibirama,13,1,13.15,13.153846153846153,7.69,city,
guaramirim,13,0,11.85,11.846153846153847,0.0,city,
eusebio,13,0,16.23,16.23076923076923,0.0,city,
eldorado do sul,13,1,12.23,12.23076923076923,7.69,city,
descalvado,13,0,8.54,8.538461538461538,0.0,city,
conceicao de macabu,13,1,16.85,16.846153846153847,7.69,city,
casa branca,13,0,9.69,9.692307692307692,0.0,city,
carmo,13,3,17.69,17.692307692307693,23.08,city,
capanema,13,0,13.31,13.307692307692308,0.0,city,
camaqua,13,0,8.69,8.692307692307692,0.0,city,
cacoal,13,0,14.85,14.846153846153847,0.0,city,
bom jesus,13,0,13.54,13.538461538461538,0.0,city,
barra de sao joao,13,1,12.23,12.23076923076923,7.69,city,
aperibe,13,1,12.15,12.153846153846153,7.69,city,
aluminio,13,0,12.69,12.692307692307692,0.0,city,
tres marias,12,2,18.42,18.416666666666668,16.67,city,
tres de maio,12,0,9.75,9.75,0.0,city,
teutonia,12,1,26.67,26.666666666666668,8.33,city,
tabapua,12,0,8.83,8.833333333333334,0.0,city,
sao sebastiao do cai,12,1,11.5,11.5,8.33,city,
sao pedro,12,0,12.17,12.166666666666666,0.0,city,
sao miguel arcanjo,12,0,8.67,8.666666666666666,0.0,city,
sao lourenco da serra,12,0,6.67,6.666666666666667,0.0,city,
sao lourenco da mata,12,2,19.92,19.916666666666668,16.67,city,
sao jose do vale do rio preto,12,1,13.58,13.583333333333334,8.33,city,
sao goncalo do amarante,12,2,17.33,17.333333333333332,16.67,city,
santo amaro da imperatriz,12,2,22.58,22.583333333333332,16.67,city,
santa vitoria do palmar,12,1,15.58,15.583333333333334,8.33,city,
santa rosa de viterbo,12,0,7.58,7.583333333333333,0.0,city,
santa helena,12,1,15.58,15.583333333333334,8.33,city,
santa gertrudes,12,1,10.75,10.75,8.33,city,
sacramento,12,0,12.42,12.416666666666666,0.0,city,
rosario do sul,12,3,20.67,20.666666666666668,25.0,city,
pirajui,12,0,8.08,8.083333333333334,0.0,city,
pilar do sul,12,0,9.33,9.333333333333334,0.0,city,
paty do alferes,12,2,18.5,18.5,16.67,city,
parobe,12,0,10.17,10.166666666666666,0.0,city,
mirandopolis,12,0,9.75,9.75,0.0,city,
mendes,12,0,8.08,8.083333333333334,0.0,city,
matozinhos,12,0,8.25,8.25,0.0,city,
matias barbosa,12,0,15.17,15.166666666666666,0.0,city,
maravilha,12,1,17.08,17.083333333333332,8.33,city,
macatuba,12,0,10.17,10.166666666666666,0.0,city,
lucelia,12,0,11.42,11.416666666666666,0.0,city,
jose bonifacio,12,0,9.08,9.083333333333334,0.0,city,
itapiranga,12,0,11.5,11.5,0.0,city,
itapecerica,12,0,9.25,9.25,0.0,city,
itamaraju,12,2,14.92,14.916666666666666,16.67,city,
irece,12,1,18.08,18.083333333333332,8.33,city,
ibipora,12,0,9.5,9.5,0.0,city,
ibate,12,1,8.83,8.833333333333334,8.33,city,
goiana,12,0,15.0,15.0,0.0,city,
forquilhinha,12,1,16.42,16.416666666666668,8.33,city,
flores da cunha,12,0,9.25,9.25,0.0,city,
engenheiro coelho,12,0,9.92,9.916666666666666,0.0,city,
conceicao do mato dentro,12,0,11.58,11.583333333333334,0.0,city,
chavantes,12,0,9.25,9.25,0.0,city,
cesario lange,12,0,7.58,7.583333333333333,0.0,city,
cajazeiras,12,1,19.08,19.083333333333332,8.33,city,
brotas,12,0,9.5,9.5,0.0,city,
bocaiuva,12,0,11.67,11.666666666666666,0.0,city,
belo jardim,12,1,13.25,13.25,8.33,city,
assis chateaubriand,12,0,9.5,9.5,0.0,city,
ariquemes,12,2,22.83,22.833333333333332,16.67,city,
araripina,12,1,17.83,17.833333333333332,8.33,city,
abaete,12,0,9.92,9.916666666666666,0.0,city,
varzea da palma,11,0,12.36,12.363636363636363,0.0,city,
treze tilias,11,1,15.45,15.454545454545455,9.09,city,
tres passos,11,2,17.91,17.90909090909091,18.18,city,
taquari,11,0,11.82,11.818181818181818,0.0,city,
tapiratiba,11,0,11.82,11.818181818181818,0.0,city,
tapejara,11,0,13.45,13.454545454545455,0.0,city,
tanabi,11,0,10.82,10.818181818181818,0.0,city,
sao joao batista,11,2,16.91,16.90909090909091,18.18,city,
sao joao,11,0,15.64,15.636363636363637,0.0,city,
santo antonio da platina,11,0,12.45,12.454545454545455,0.0,city,
rio das pedras,11,0,8.82,8.818181818181818,0.0,city,
rio brilhante,11,0,12.91,12.909090909090908,0.0,city,
raul soares,11,2,17.36,17.363636363636363,18.18,city,
raposos,11,0,8.91,8.909090909090908,0.0,city,
prata,11,0,11.0,11.0,0.0,city,
pompeu,11,1,12.0,12.0,9.09,city,
pires do rio,11,0,15.36,15.363636363636363,0.0,city,
ouroeste,11,0,12.64,12.636363636363637,0.0,city,
nova andradina,11,1,15.0,15.0,9.09,city,
mata de sao joao,11,1,18.55,18.545454545454547,9.09,city,
mantena,11,1,12.0,12.0,9.09,city,
limoeiro do norte,11,0,16.82,16.818181818181817,0.0,city,
lagarto,11,2,35.64,35.63636363636363,18.18,city,
itapipoca,11,1,23.45,23.454545454545453,9.09,city,
igarape,11,0,10.91,10.909090909090908,0.0,city,
guararema,11,0,8.73,8.727272727272727,0.0,city,
gravata,11,2,18.09,18.09090909090909,18.18,city,
goitacazes,11,1,13.91,13.909090909090908,9.09,city,
goioere,11,0,10.73,10.727272727272727,0.0,city,
faxinal dos guedes,11,1,18.64,18.636363636363637,9.09,city,
encantado,11,0,13.64,13.636363636363637,0.0,city,
dois corregos,11,0,8.0,8.0,0.0,city,
coxim,11,2,19.18,19.181818181818183,18.18,city,
costa rica,11,1,17.64,17.636363636363637,9.09,city,
coronel vivida,11,1,13.27,13.272727272727273,9.09,city,
castilho,11,0,7.36,7.363636363636363,0.0,city,
carandai,11,0,12.27,12.272727272727273,0.0,city,
capinopolis,11,0,10.36,10.363636363636363,0.0,city,
canarana,11,2,22.0,22.0,18.18,city,
boa esperanca do sul,11,0,10.45,10.454545454545455,0.0,city,
bezerros,11,0,12.09,12.090909090909092,0.0,city,
barroso,11,0,11.18,11.181818181818182,0.0,city,
bacabal,11,0,18.73,18.727272727272727,0.0,city,
araquari,11,1,15.64,15.636363636363637,9.09,city,
aracoiaba da serra,11,0,9.0,9.0,0.0,city,
andradas,11,0,11.64,11.636363636363637,0.0,city,
alvinopolis,11,0,8.91,8.909090909090908,0.0,city,
afonso claudio,11,0,13.0,13.0,0.0,city,
abaetetuba,11,5,26.55,26.545454545454547,45.45,city,
urussanga,10,0,16.3,16.3,0.0,city,
urupes,10,0,8.0,8.0,0.0,city,
turmalina,10,0,9.8,9.8,0.0,city,
taua,10,0,16.9,16.9,0.0,city,
taguai,10,0,7.5,7.5,0.0,city,
sombrio,10,2,17.3,17.3,20.0,city,
serra talhada,10,1,16.8,16.8,10.0,city,
sao miguel do iguacu,10,0,11.7,11.7,0.0,city,
sao lourenco do oeste,10,0,10.5,10.5,0.0,city,
sao goncalo do sapucai,10,0,9.4,9.4,0.0,city,
salesopolis,10,0,10.0,10.0,0.0,city,
rolante,10,1,11.4,11.4,10.0,city,
resplendor,10,0,8.7,8.7,0.0,city,
regente feijo,10,0,10.7,10.7,0.0,city,
querencia,10,0,16.7,16.7,0.0,city,
pradopolis,10,0,7.7,7.7,0.0,city,
portao,10,0,12.4,12.4,0.0,city,
planaltina,10,0,13.3,13.3,0.0,city,
piracanjuba,10,1,15.4,15.4,10.0,city,
passa quatro,10,0,9.6,9.6,0.0,city,
paranapanema,10,1,15.1,15.1,10.0,city,
paraiso do tocantins,10,0,13.1,13.1,0.0,city,
paraibuna,10,0,11.4,11.4,0.0,city,
papucaia,10,1,12.2,12.2,10.0,city,
palotina,10,1,13.2,13.2,10.0,city,
palestina,10,0,8.2,8.2,0.0,city,
paicandu,10,0,12.2,12.2,0.0,city,
nova xavantina,10,0,14.8,14.8,0.0,city,
mostardas,10,1,14.3,14.3,10.0,city,
morro agudo,10,0,7.1,7.1,0.0,city,
morada nova,10,0,18.0,18.0,0.0,city,
minacu,10,0,12.7,12.7,0.0,city,
mimoso do sul,10,0,13.1,13.1,0.0,city,
lagoa da prata,10,0,10.3,10.3,0.0,city,
juquia,10,0,7.0,7.0,0.0,city,
julio de castilhos,10,0,13.7,13.7,0.0,city,
itajobi,10,0,14.1,14.1,0.0,city,
itai,10,0,9.4,9.4,0.0,city,
itaberaba,10,1,15.5,15.5,10.0,city,
ipira,10,0,10.8,10.8,0.0,city,
guarabira,10,2,24.3,24.3,20.0,city,
goiatuba,10,1,16.9,16.9,10.0,city,
garibaldi,10,0,9.2,9.2,0.0,city,
floresta,10,1,16.0,16.0,10.0,city,
fartura,10,0,12.3,12.3,0.0,city,
escada,10,3,24.6,24.6,30.0,city,
embu,10,0,10.8,10.8,0.0,city,
eloi mendes,10,0,11.6,11.6,0.0,city,
dom pedrito,10,1,15.0,15.0,10.0,city,
corinto,10,0,9.2,9.2,0.0,city,
charqueada,10,1,15.1,15.1,10.0,city,
catu,10,2,21.6,21.6,20.0,city,
carpina,10,3,24.7,24.7,30.0,city,
carmo do cajuru,10,0,10.7,10.7,0.0,city,
capinzal,10,1,14.3,14.3,10.0,city,
campo verde,10,2,18.9,18.9,20.0,city,
campo formoso,10,2,20.7,20.7,20.0,city,
campina verde,10,0,10.5,10.5,0.0,city,
campina grande do sul,10,0,10.6,10.6,0.0,city,
cambara,10,0,11.9,11.9,0.0,city,
caico,10,1,17.7,17.7,10.0,city,
caetite,10,0,16.6,16.6,0.0,city,
caconde,10,0,8.0,8.0,0.0,city,
buri,10,0,10.0,10.0,0.0,city,
brodowski,10,0,7.9,7.9,0.0,city,
brejo santo,10,3,28.6,28.6,30.0,city,
biritiba-mirim,10,0,5.4,5.4,0.0,city,
balneario picarras,10,1,13.2,13.2,10.0,city,
auriflama,10,0,9.1,9.1,0.0,city,
antonina,10,0,9.9,9.9,0.0,city,
alta floresta,10,0,17.0,17.0,0.0,city,
aimores,10,0,9.3,9.3,0.0,city,
aguas da prata,10,0,7.0,7.0,0.0,city,
aguai,10,0,9.4,9.4,0.0,city,
,10513,441,12.16,,4.19,category,cama_mesa_banho
,9379,399,11.3,,4.25,category,beleza_saude
,8272,311,11.48,,3.76,category,esporte_lazer
,7860,331,12.14,,4.21,category,moveis_decoracao
,7541,329,12.48,,4.36,category,informatica_acessorios
,6729,179,10.22,,2.66,category,utilidades_domesticas
,5817,266,11.97,,4.57,category,relogios_presentes
,4430,171,12.08,,3.86,category,telefonia
,4222,190,12.96,,4.5,category,ferramentas_jardim
,4142,181,11.53,,4.37,category,automotivo
,3994,150,10.95,,3.76,category,brinquedos
,3715,139,11.68,,3.74,category,cool_stuff
,3325,132,11.0,,3.97,category,perfumaria
,2982,149,11.76,,5.0,category,bebes
,2722,105,12.25,,3.86,category,eletronicos
,2453,120,12.05,,4.89,category,papelaria
,1893,61,10.29,,3.22,category,fashion_bolsas_e_acessorios
,1886,44,10.64,,2.33,category,pet_shop
,1653,216,20.12,,13.07,category,moveis_escritorio
,1113,59,12.62,,5.3,category,consoles_games
,1061,16,10.01,,1.51,category,malas_acessorios
,896,29,10.23,,3.24,category,construcao_ferramentas_construcao
,702,18,10.74,,2.56,category,eletrodomesticos
,666,26,11.99,,3.9,category,instrumentos_musicais
,666,18,10.01,,2.7,category,eletroportateis
,577,22,12.74,,3.81,category,casa_construcao
,538,18,10.79,,3.35,category,livros_interesse_geral
,491,10,8.87,,2.04,category,alimentos
,476,23,13.15,,4.83,category,moveis_sala
,418,22,13.0,,5.26,category,casa_conforto
,356,22,12.94,,6.18,category,audio
,353,10,9.58,,2.83,category,bebidas
,307,9,11.43,,2.93,category,market_place
,297,4,9.14,,1.35,category,construcao_ferramentas_iluminacao
,283,13,11.49,,4.59,category,climatizacao
,274,10,11.26,,3.65,category,moveis_cozinha_area_de_servico_jantar_e_jardim
,268,10,10.19,,3.73,category,alimentos_bebidas
,265,4,9.98,,1.51,category,livros_tecnicos
,263,6,10.06,,2.28,category,industria_comercio_e_negocios
,261,9,11.84,,3.45,category,telefonia_fixa
,252,12,14.35,,4.76,category,fashion_calcados
,228,11,13.09,,4.82,category,eletrodomesticos_2
,228,4,11.15,,1.75,category,construcao_ferramentas_jardim
,206,4,10.82,,1.94,category,agro_industria_e_comercio
,204,3,10.22,,1.47,category,artes
,200,9,12.83,,4.5,category,pcs
,191,2,10.03,,1.05,category,sinalizacao_e_seguranca
,188,4,10.82,,2.13,category,construcao_ferramentas_seguranca
,151,15,15.05,,9.93,category,artigos_de_natal
,122,6,13.07,,4.92,category,fashion_underwear_e_moda_praia
,122,5,11.57,,4.1,category,fashion_roupa_masculina
,99,2,11.71,,2.02,category,construcao_ferramentas_ferramentas
,97,5,12.55,,5.15,category,moveis_quarto
,80,1,12.38,,1.25,category,tablets_impressao_imagem
,76,1,9.03,,1.32,category,portateis_casa_forno_e_cafe
,69,0,10.07,,0.0,category,cine_foto
,62,1,11.92,,1.61,category,dvds_blu_ray
,58,0,7.36,,0.0,category,livros_importados
,47,1,11.0,,2.13,category,fashion_roupa_feminina
,42,0,8.64,,0.0,category,artigos_de_festas
,38,4,13.53,,10.53,category,moveis_colchao_e_estofado
,35,2,11.43,,5.71,category,musica
,34,0,9.09,,0.0,category,fraldas_higiene
,33,1,10.7,,3.03,category,flores
,29,0,10.97,,0.0,category,fashion_esporte
,29,4,14.21,,13.79,category,casa_conforto_2
,21,0,5.43,,0.0,category,artes_e_artesanato
,15,0,7.27,,0.0,category,portateis_cozinha_e_preparadores_de_alimentos
,14,0,10.36,,0.0,category,cds_dvds_musicais
,13,0,7.23,,0.0,category,la_cuisine
,8,0,7.38,,0.0,category,pc_gamer
,8,0,7.12,,0.0,category,fashion_roupa_infanto_juvenil
